Start (ns),Duration (us),CorrId,GrdX,GrdY,GrdZ,BlkX,BlkY,BlkZ,Reg/Trd,StcSMem (B),DymSMem (B),Bytes (B),Throughput (MBps),SrcMemKd,DstMemKd,Device,Ctx,Strm,Name
6690280309,3.328,111,,,,,,,,,,1,0.300,Device,Pageable,NVIDIA A100-SXM4-40GB (0),1,7,[CUDA memcpy Device-to-Host]
6690304564,1.601,113,,,,,,,,,,16,9.994,Pageable,Device,NVIDIA A100-SXM4-40GB (0),1,7,[CUDA memcpy Host-to-Device]
6690652049,10.592,119,,,,,,,,,,216000,20392.560,Pageable,Device,NVIDIA A100-SXM4-40GB (0),1,16,[CUDA memcpy Host-to-Device]
6690677969,1.984,123,,,,,,,,,,8,4.032,Pageable,Device,NVIDIA A100-SXM4-40GB (0),1,16,[CUDA memcpy Host-to-Device]
6690686417,1.632,127,,,,,,,,,,8,4.902,Pageable,Device,NVIDIA A100-SXM4-40GB (0),1,16,[CUDA memcpy Host-to-Device]
6690694513,1.664,130,,,,,,,,,,8,4.808,Pageable,Device,NVIDIA A100-SXM4-40GB (0),1,16,[CUDA memcpy Host-to-Device]
6691725063,10.592,137,,,,,,,,,,216000,20392.560,Pageable,Device,NVIDIA A100-SXM4-40GB (0),1,16,[CUDA memcpy Host-to-Device]
6691743911,1.600,142,,,,,,,,,,8,5.000,Pageable,Device,NVIDIA A100-SXM4-40GB (0),1,16,[CUDA memcpy Host-to-Device]
6691751975,1.568,145,,,,,,,,,,8,5.102,Pageable,Device,NVIDIA A100-SXM4-40GB (0),1,16,[CUDA memcpy Host-to-Device]
6691760007,1.600,148,,,,,,,,,,8,5.000,Pageable,Device,NVIDIA A100-SXM4-40GB (0),1,16,[CUDA memcpy Host-to-Device]
6692798333,2344.266,155,,,,,,,,,,5616000,2392.416,Pageable,Device,NVIDIA A100-SXM4-40GB (0),1,16,[CUDA memcpy Host-to-Device]
6695152839,1.600,162,,,,,,,,,,8,5.000,Pageable,Device,NVIDIA A100-SXM4-40GB (0),1,16,[CUDA memcpy Host-to-Device]
6695160935,1.600,165,,,,,,,,,,16,10.000,Pageable,Device,NVIDIA A100-SXM4-40GB (0),1,16,[CUDA memcpy Host-to-Device]
6695168967,1.568,168,,,,,,,,,,16,10.204,Pageable,Device,NVIDIA A100-SXM4-40GB (0),1,16,[CUDA memcpy Host-to-Device]
6696205053,4678.644,175,,,,,,,,,,10800000,2300.400,Pageable,Device,NVIDIA A100-SXM4-40GB (0),1,16,[CUDA memcpy Host-to-Device]
6700897361,1.632,178,,,,,,,,,,8,4.902,Pageable,Device,NVIDIA A100-SXM4-40GB (0),1,16,[CUDA memcpy Host-to-Device]
6700905393,1.632,181,,,,,,,,,,8,4.902,Pageable,Device,NVIDIA A100-SXM4-40GB (0),1,16,[CUDA memcpy Host-to-Device]
6700913457,1.600,184,,,,,,,,,,8,5.000,Pageable,Device,NVIDIA A100-SXM4-40GB (0),1,16,[CUDA memcpy Host-to-Device]
6701946695,642.298,191,,,,,,,,,,10800000,16804.800,Pageable,Device,NVIDIA A100-SXM4-40GB (0),1,16,[CUDA memcpy Host-to-Device]
6702597953,1.408,202,,,,,,,,,,8,5.682,Pageable,Device,NVIDIA A100-SXM4-40GB (0),1,16,[CUDA memcpy Host-to-Device]
6702604897,1.376,205,,,,,,,,,,8,5.814,Pageable,Device,NVIDIA A100-SXM4-40GB (0),1,16,[CUDA memcpy Host-to-Device]
6702611617,1.344,208,,,,,,,,,,8,5.952,Pageable,Device,NVIDIA A100-SXM4-40GB (0),1,16,[CUDA memcpy Host-to-Device]
6702940446,530.363,215,,,,,,,,,,10800000,20358.000,Pageable,Device,NVIDIA A100-SXM4-40GB (0),1,16,[CUDA memcpy Host-to-Device]
6703479001,1.376,218,,,,,,,,,,8,5.814,Pageable,Device,NVIDIA A100-SXM4-40GB (0),1,16,[CUDA memcpy Host-to-Device]
6703485721,1.376,221,,,,,,,,,,8,5.814,Pageable,Device,NVIDIA A100-SXM4-40GB (0),1,16,[CUDA memcpy Host-to-Device]
6703492409,1.375,224,,,,,,,,,,8,5.818,Pageable,Device,NVIDIA A100-SXM4-40GB (0),1,16,[CUDA memcpy Host-to-Device]
6703627831,531.739,231,,,,,,,,,,10800000,20304.000,Pageable,Device,NVIDIA A100-SXM4-40GB (0),1,16,[CUDA memcpy Host-to-Device]
6704167730,1.665,234,,,,,,,,,,8,4.805,Pageable,Device,NVIDIA A100-SXM4-40GB (0),1,16,[CUDA memcpy Host-to-Device]
6704174738,1.376,237,,,,,,,,,,8,5.814,Pageable,Device,NVIDIA A100-SXM4-40GB (0),1,16,[CUDA memcpy Host-to-Device]
6704181458,1.344,240,,,,,,,,,,8,5.952,Pageable,Device,NVIDIA A100-SXM4-40GB (0),1,16,[CUDA memcpy Host-to-Device]
6704313393,520.475,247,,,,,,,,,,10800000,20746.800,Pageable,Device,NVIDIA A100-SXM4-40GB (0),1,16,[CUDA memcpy Host-to-Device]
6704845612,1.376,250,,,,,,,,,,8,5.814,Pageable,Device,NVIDIA A100-SXM4-40GB (0),1,16,[CUDA memcpy Host-to-Device]
6704852332,1.344,253,,,,,,,,,,8,5.952,Pageable,Device,NVIDIA A100-SXM4-40GB (0),1,16,[CUDA memcpy Host-to-Device]
6704859020,1.376,256,,,,,,,,,,8,5.814,Pageable,Device,NVIDIA A100-SXM4-40GB (0),1,16,[CUDA memcpy Host-to-Device]
6705080650,871.192,263,,,,,,,,,,10800000,12387.600,Pageable,Device,NVIDIA A100-SXM4-40GB (0),1,16,[CUDA memcpy Host-to-Device]
6705965569,1.376,282,,,,,,,,,,8,5.814,Pageable,Device,NVIDIA A100-SXM4-40GB (0),1,16,[CUDA memcpy Host-to-Device]
6705972257,1.376,285,,,,,,,,,,8,5.814,Pageable,Device,NVIDIA A100-SXM4-40GB (0),1,16,[CUDA memcpy Host-to-Device]
6705978977,1.344,288,,,,,,,,,,8,5.952,Pageable,Device,NVIDIA A100-SXM4-40GB (0),1,16,[CUDA memcpy Host-to-Device]
6706284926,750.201,295,,,,,,,,,,10800000,14385.600,Pageable,Device,NVIDIA A100-SXM4-40GB (0),1,16,[CUDA memcpy Host-to-Device]
6707043575,1.728,298,,,,,,,,,,8,4.630,Pageable,Device,NVIDIA A100-SXM4-40GB (0),1,16,[CUDA memcpy Host-to-Device]
6707050647,1.376,301,,,,,,,,,,8,5.814,Pageable,Device,NVIDIA A100-SXM4-40GB (0),1,16,[CUDA memcpy Host-to-Device]
6707057367,1.376,304,,,,,,,,,,8,5.814,Pageable,Device,NVIDIA A100-SXM4-40GB (0),1,16,[CUDA memcpy Host-to-Device]
6707392948,715.673,311,,,,,,,,,,10800000,15087.600,Pageable,Device,NVIDIA A100-SXM4-40GB (0),1,16,[CUDA memcpy Host-to-Device]
6708116845,1.696,314,,,,,,,,,,8,4.717,Pageable,Device,NVIDIA A100-SXM4-40GB (0),1,16,[CUDA memcpy Host-to-Device]
6708124205,1.344,317,,,,,,,,,,8,5.952,Pageable,Device,NVIDIA A100-SXM4-40GB (0),1,16,[CUDA memcpy Host-to-Device]
6708130893,1.376,320,,,,,,,,,,8,5.814,Pageable,Device,NVIDIA A100-SXM4-40GB (0),1,16,[CUDA memcpy Host-to-Device]
6708459786,710.073,327,,,,,,,,,,10800000,15206.400,Pageable,Device,NVIDIA A100-SXM4-40GB (0),1,16,[CUDA memcpy Host-to-Device]
6709178307,1.696,330,,,,,,,,,,8,4.717,Pageable,Device,NVIDIA A100-SXM4-40GB (0),1,16,[CUDA memcpy Host-to-Device]
6709185347,1.344,333,,,,,,,,,,8,5.952,Pageable,Device,NVIDIA A100-SXM4-40GB (0),1,16,[CUDA memcpy Host-to-Device]
6709192131,1.376,336,,,,,,,,,,8,5.814,Pageable,Device,NVIDIA A100-SXM4-40GB (0),1,16,[CUDA memcpy Host-to-Device]
6709425857,420065.973,401,27000,1,1,160,1,1,166,13880,0,,,,,NVIDIA A100-SXM4-40GB (0),1,16,"__main__::device0core[abi:v11,cw51cXTLSUwv1kCKWVtQygGFLpiD5uDEnPLEymJ1TWDIokUyVBsiPSEJoKYRqARSSgSLaAIA](long long, long long, array_28int64_2c_202d_2c_20C_29_2a, array_28int64_2c_201d_2c_20C_29_2a, array_28int64_2c_201d_2c_20C_29_2a, long long, array_28float32_2c_201d_2c_20C_29_2a, array_28float32_2c_201d_2c_20C_29_2a, array_28float32_2c_201d_2c_20C_29_2a, array_28float32_2c_201d_2c_20C_29_2a, double, array_28float32_2c_201d_2c_20C_29_2a, array_28float32_2c_201d_2c_20C_29_2a, array_28float32_2c_201d_2c_20C_29_2a, array_28float32_2c_201d_2c_20C_29_2a, array_28float32_2c_201d_2c_20C_29_2a)"
7129576246,5718.122,404,,,,,,,,,,10800000,1879.200,Device,Pageable,NVIDIA A100-SXM4-40GB (0),1,16,[CUDA memcpy Device-to-Host]
7136150328,5687.947,406,,,,,,,,,,10800000,1890.000,Device,Pageable,NVIDIA A100-SXM4-40GB (0),1,16,[CUDA memcpy Device-to-Host]
7142634331,5735.530,408,,,,,,,,,,10800000,1879.200,Device,Pageable,NVIDIA A100-SXM4-40GB (0),1,16,[CUDA memcpy Device-to-Host]
7149182430,5610.155,410,,,,,,,,,,10800000,1922.400,Device,Pageable,NVIDIA A100-SXM4-40GB (0),1,16,[CUDA memcpy Device-to-Host]
